아이디,PK,단어
dreaming_whales,2046068824,4800
 , ,어린이집
 , ,물놀이
 , ,간다
 , ,수영복
 , ,친구
 , ,쉬
 , ,가드
 , ,혼자
 , ,파인애플
 , ,잼
 , ,살
 , ,때
 , ,거
 , ,사서
 , ,거
 , ,어린이
 , ,혼자
 , ,약간
 , ,원시인
 , ,느낌
 , ,나
 , ,듯
 , ,런가
 , ,쭈굴쭈굴
 , ,느낌
 , ,느낌
 , ,마지막
 , ,동영상
 , ,어제
 , ,어린이집
 , ,베란다
 , ,풀
 , ,다른
 , ,친구
 , ,본인
 , ,대요
 , ,더
 , ,후문
 , ,개월
 , ,개월
 , ,아기
 , ,개월
 , ,아기
 , ,유아
 , ,쉬
 , ,가드
 , ,아기
 , ,쉬
 , ,가드
 , ,유아
 , ,수영복
 , ,아기
 , ,수영복
 , ,파인애플
 , ,수영복
 , ,인천
 , ,맘
 , ,어린이집
 , ,일상
 , ,어린이집
 , ,하루
 , ,너
 , ,제일
 , ,내
 , ,제일
 , ,잠
 , ,아기
 , ,일
 , ,정말
 , ,끝
 , ,레이스
 , ,용
 , ,직
 , ,통잠
 , ,언제
 , ,놀이터
 , ,언니
 , ,오빠
 , ,킥
 , ,보드
 , ,때
 , ,손
 , ,오열
 , ,하나
 , ,듯
 , ,콧물
 , ,달
 , ,어린이집
 , ,구내염
 , ,수족구
 , ,사이
 , ,혼자
 , ,생존
 , ,소문
 , ,입안
 , ,볼쪽
 , ,병원
 , ,원래
 , ,볼뚱뚱이들
 , ,볼
 , ,내
 , ,딸
 , ,개월
 , ,아기
 , ,생후
 , ,개월
 , ,아기
 , ,아기
 , ,동영상
 , ,흥
 , ,아기
 , ,킥
 , ,보드
 , ,유아
 , ,킥
 , ,보드
 , ,인천
 , ,맘
 , ,육아
 , ,맘
 , ,아기
 , ,일상
 , ,육아
 , ,일기
 , ,아기
 , ,스타
 , ,그램
 , ,브러쉬
 , ,블러셔
 , ,제대로
 , ,화장
 , ,중
 , ,구월동
 , ,코코몽
 , ,키즈
 , ,랜드
 , ,인천
 , ,어린이
 , ,과학관
 , ,마림바
 , ,박살
 , ,중
 , ,아빠
 , ,그네
 , ,타고
 , ,중
 , ,무조건
 , ,네네
 , ,치킨
 , ,은수
 , ,일주일
 , ,새벽
 , ,시간
 , ,육아
 , ,과로사
 , ,사람
 , ,뉴스
 , ,인줄
 , ,밥
 , ,월요일
 , ,안
 , ,오늘
 , ,아침
 , ,덕분
 , ,내
 , ,앓이
 , ,감기
 , ,때문
 , ,아기
 , ,동영상
 , ,개월
 , ,개월
 , ,아기
 , ,개월
 , ,아기
 , ,인천
 , ,키즈
 , ,카페
 , ,성장
 , ,일기
 , ,육아
 , ,일기
 , ,사랑
 , ,일상
 , ,육아
 , ,일상
 , ,육아
 , ,맘
 , ,맘
 , ,스타
 , ,그램
 , ,산책
 , ,고수
 , ,광수
 , ,아빠
 , ,곳
 , ,은수
 , ,다리
 , ,사이
 , ,광수
 , ,바야바
 , ,미용
 , ,한약
 , ,땀
 , ,추잡
 , ,가슴
 , ,팍
 , ,은수
 , ,등원
 , ,가슴
 , ,팍
 , ,누가
 , ,아기
 , ,강아지
 , ,해돋이
 , ,공원
 , ,빅푸들사우르스
 , ,개월
 , ,아기
 , ,생후
 , ,인천
 , ,맘
 , ,산책
 , ,육아
 , ,맘
 , ,일상
 , ,육아
 , ,일상
 , ,육아
 , ,일기
 , ,아스타
 , ,그램
 , ,맘
 , ,스타
 , ,그램
 , ,일상
 , ,은수
 , ,파리채
 , ,사랑
 , ,원래
 , ,하원
 , ,바로
 , ,놀이터
 , ,행
 , ,요즘
 , ,런가
 , ,자꾸
 , ,집
 , ,간다
 , ,엄마
 , ,공감
 , ,집
 , ,한계
 , ,것
 , ,아기
 , ,학습
 , ,거
 , ,웅진
 , ,아기
 , ,유치원
 , ,신청
 , ,영상
 , ,물
 , ,놀
 , ,수
 , ,교구
 , ,학습
 , ,은수
 , ,보기
 , ,꿀잼
 , ,다행
 , ,집
 , ,애기
 , ,보기
 , ,분
 , ,번
 , ,검색
 , ,것
 , ,것
 , ,학습
 , ,듯
 , ,보
 , ,웅진
 , ,씽크빅
 , ,적
 , ,씽크빅
 , ,좀
 , ,사람
 , ,우리
 , ,딸도
 , ,시작
 , ,했넴
 , ,이벤트
 , ,벽
 , ,그림
 , ,증정
 , ,세용
 , ,알파벳
 , ,동물
 , ,세용
 , ,구구단
 , ,세계지도
 , ,벽
 , ,개월
 , ,아기
 , ,생후
 , ,홈스쿨링
 , ,웅진
 , ,책방
 , ,아스타
 , ,그램
 , ,아기
 , ,유치원
 , ,벽
 , ,그림
 , ,아기
 , ,장난감
 , ,살이
 , ,머리
 , ,실행
 , ,다이어트
 , ,한약
 , ,손
 , ,대고
 , ,동네
 , ,한의원
 , ,달
 , ,하루
 , ,끼
 , ,랬었
 , ,달
 , ,달
 , ,달
 , ,친구
 , ,간증
 , ,지갑
 , ,하루
 , ,포
 , ,약
 , ,하루
 , ,포
 , ,중이
 , ,반포
 , ,반포
 , ,전
 , ,카페인
 , ,커피
 , ,이후
 , ,약도
 , ,혹시
 , ,입맛
 , ,어디
 , ,중동
 , ,식욕
 , ,진짜
 , ,이틀
 , ,벌써
 , ,착각
 , ,로라
 , ,키
 , ,도
 , ,더
 , ,것
 , ,멀리
 , ,달
 , ,얼마나
 , ,저
 , ,간증
 , ,우리
 , ,딸
 , ,엄마
 , ,곰
 , ,엄마
 , ,상어
 , ,노래
 , ,때
 , ,의아
 , ,함
 , ,도
 , ,부디
 , ,간증
 , ,아가리
 , ,다이어터
 , ,끝
 , ,팔뚝
 , ,은지
 , ,답
 , ,사실
 , ,레알
 , ,노
 , ,입맛
 , ,다이어트
 , ,환
 , ,다이어트
 , ,한약
 , ,해인
 , ,감비환
 , ,다이어트
 , ,식욕
 , ,억제
 , ,해인
 , ,부부
 , ,한의원
 , ,다이어트
 , ,추천
 , ,어린이집
 , ,현장
 , ,학습
 , ,나
 , ,나
 , ,선생님
 , ,이번
 , ,소풍
 , ,마음
 , ,뻔
 , ,사진
 , ,진짜
 , ,애
 , ,센트럴
 , ,파크
 , ,수상택시
 , ,타고
 , ,지금
 , ,어린이집
 , ,낮잠
 , ,시
 , ,요
 , ,어린이집
 , ,어린이집
 , ,소풍
 , ,소풍
 , ,현장
 , ,학습
 , ,수상택시
 , ,센트럴
 , ,파크
 , ,생후
 , ,개월
 , ,개월
 , ,아기
 , ,생후
 , ,인천
 , ,맘
 , ,웃기
 , ,애
 , ,소리
 , ,애
 , ,꽤
 , ,사진첩
 , ,여기
 , ,번
 , ,은수
 , ,스텝
 , ,웨건
 , ,진짜
 , ,달달
 , ,달달
 , ,소달구지
 , ,승
 , ,차감
 , ,안전성
 , ,핸들링
 , ,의자
 , ,수
 , ,런가
 , ,벨트
 , ,술
 , ,런가
 , ,다른
 , ,웨건
 , ,걸
 , ,더
 , ,모험
 , ,스타일
 , ,어제
 , ,때
 , ,오늘
 , ,등원
 , ,어린이집
 , ,쌤
 , ,은수
 , ,어제
 , ,몇
 , ,주
 , ,전
 , ,녜
 , ,뭔가
 , ,코감기
 , ,달
 , ,산다
 , ,건
 , ,개월
 , ,아기
 , ,하원
 , ,길
 , ,아기
 , ,선글라스
 , ,소달구지
 , ,아기
 , ,코감기
 , ,아기
 , ,감기
 , ,아기
 , ,면역
 , ,면역
 , ,유아
 , ,웨건
 , ,인천
 , ,맘
 , ,생후
 , ,닭띠
 , ,아기
 , ,애
 , ,스타
 , ,그램
 , ,개월
 , ,재
 , ,접근
 , ,기
 , ,엄마
 , ,얼마나
 , ,사람
 , ,눈물
 , ,파티
 , ,엄마
 , ,가슴
 , ,팍
 , ,개월
 , ,양심
 , ,이제
 , ,엄마
 , ,위
 , ,자기
 , ,키도
 , ,커서
 , ,팔다리
 , ,몸무게
 , ,숨
 , ,턱턱
 , ,엄마
 , ,시간
 , ,날
 , ,사랑
 , ,딸아
 , ,엄마
 , ,도
 , ,재
 , ,접근
 , ,기
 , ,마
 , ,개월
 , ,엄마
 , ,껌
 , ,딱지
 , ,사랑
 , ,일상
 , ,일상
 , ,스타
 , ,그램
 , ,내딸
 , ,육아
 , ,일기
 , ,아스타
 , ,그램
 , ,우량
 , ,인천
 , ,맘
 , ,맘
 , ,스타
 , ,그램
 , ,얼굴
 , ,컵
 , ,자국
 , ,물
 , ,간
 , ,오늘
 , ,개월
 , ,진입
 , ,개월
 , ,어마
 , ,무시
 , ,개월
 , ,런
 , ,재
 , ,접근
 , ,인지
 , ,진짜
 , ,엄마
 , ,껌
 , ,지네
 , ,아빠
 , ,엄마
 , ,네네
 , ,대답
 , ,난리
 , ,개월
 , ,개월
 , ,것
 , ,만큼
 , ,발달
 , ,시기
 , ,것
 , ,개월
 , ,아기
 , ,재
 , ,접근
 , ,기
 , ,새끼
 , ,육아
 , ,일기
 , ,아기
 , ,스타
 , ,그램
 , ,아스타
 , ,그램
 , ,일상
 , ,인천
 , ,맘
 , ,일상
 , ,스타
 , ,그램
 , ,생후
 , ,어린이집
 , ,선생님
 , ,오늘
 , ,하원
 , ,문화센터
 , ,날
 , ,은수
 , ,머리
 , ,힘
 , ,실어
 , ,진짜
 , ,관종
 , ,머리
 , ,이은수
 , ,관종
 , ,머리
 , ,진짜
 , ,완전
 , ,관종
 , ,사람
 , ,한마디
 , ,함
 , ,부끄러움
 , ,나
 , ,몫
 , ,이은수
 , ,다행
 , ,이제
 , ,좀
 , ,살
 , ,것
 , ,관종
 , ,리본
 , ,머리
 , ,아기
 , ,머리스타일
 , ,아기
 , ,머리
 , ,개월
 , ,아기
 , ,개월
 , ,아기
 , ,생후
 , ,머리
 , ,숱
 , ,인천
 , ,맘
 , ,육아
 , ,소통
 , ,소통
 , ,육아
 , ,일상
 , ,문
 , ,진짜
 , ,내
 , ,딸
 , ,어린이집
 , ,선생님
 , ,아기
 , ,명
 , ,보시
 , ,정말
 , ,리
 , ,스펙
 , ,고집
 , ,늘
 , ,짜증
 , ,늘
 , ,몸
 , ,사리
 , ,듯
 , ,폭
 , ,어쩜
 , ,오늘이
 , ,개월
 , ,개월
 , ,도대체
 , ,건가
 , ,지옥
 , ,날
 , ,데리
 , ,오라
 , ,널
 , ,것
 , ,광수
 , ,둘
 , ,훈련소
 , ,종이컵
 , ,촛불
 , ,엄마
 , ,좀
 , ,새끼
 , ,소리
 , ,폭
 , ,개월
 , ,아기
 , ,맘
 , ,스타
 , ,그램
 , ,육아
 , ,맘
 , ,짜증
 , ,대박
 , ,인천
 , ,맘
 , ,일상
 , ,일상
 , ,스타
 , ,그램
 , ,아기
 , ,스타
 , ,그램
 , ,애
 , ,스타
 , ,그램
 , ,사랑
 , ,하라
 , ,사랑
 , ,나
 , ,노아
 , ,노아
 , ,다행
 , ,낙법
 , ,수
 , ,둘
 , ,저기
 , ,저
 , ,자세
 , ,사진
 , ,자주
 , ,앞
 , ,더
 , ,아가
 , ,진짜
 , ,순식간
 , ,오늘
 , ,은수
 , ,어린이집
 , ,광수
 , ,목욕
 , ,파스쿠찌
 , ,커피
 , ,빵
 , ,이
 , ,사람
 , ,오전
 , ,여유
 , ,만끽
 , ,인스타
 , ,폭풍
 , ,업뎃
 , ,사진
 , ,자꾸
 , ,오류
 , ,계속
 , ,나
 , ,제
 , ,시간
 , ,쉬즈
 , ,곤
 , ,폭풍
 , ,업뎃
 , ,개월
 , ,아기
 , ,개월
 , ,아기
 , ,산책
 , ,메이트
 , ,일상
 , ,육아
 , ,맘
 , ,일상
 , ,아기
 , ,일상
 , ,어린이집
 , ,아기
 , ,일상
 , ,육아
 , ,맘
 , ,육아
 , ,소통
 , ,인천
 , ,맘
 , ,맘
 , ,스타
 , ,그램
 , ,애
 , ,스타
 , ,그램
 , ,아기
 , ,스타
 , ,그램
 , ,쉬즈
 , ,곤
 , ,언제
 , ,또
 , ,커서
 , ,젠
 , ,알
 , ,촛불
 , ,후
 , ,불
 , ,줄
 , ,아기
 , ,불만
 , ,불나방
 , ,시절
 , ,뒤
 , ,채
 , ,불
 , ,여성
 , ,처음
 , ,생크림
 , ,케익
 , ,존맛
 , ,카메라
 , ,초점
 , ,왜
 , ,신랑
 , ,영상
 , ,보더
 , ,포크
 , ,협찬
 , ,이
 , ,계정은
 , ,일상
 , ,노
 , ,협찬
 , ,생후
 , ,개월
 , ,개월
 , ,아기
 , ,기념
 , ,케이크
 , ,케이크
 , ,불나방
 , ,크게
 , ,우량
 , ,인스타
 , ,베이비
 , ,딸
 , ,스타
 , ,그램
 , ,뚱시
 , ,통통이
 , ,통
 , ,통보
 , ,니
 , ,끼리
 , ,산책
 , ,날
 , ,언제
 , ,초등학교
 , ,둘
 , ,광수
 , ,은수
 , ,포기
 , ,은수
 , ,어린이집
 , ,가면
 , ,다시
 , ,하나
 , ,중
 , ,애
 , ,스타
 , ,그램
 , ,아기
 , ,강아지
 , ,스타
 , ,그램
 , ,빅푸들사우르스
 , ,개월
 , ,아기
 , ,생후
 , ,인천
 , ,맘
 , ,육아
 , ,소통
 , ,어린이집
 , ,때
 , ,오열
 , ,노
 , ,사진
 , ,동영상
 , ,노
 , ,유
 , ,가면
 , ,잉하
 , ,거
 , ,순간
 , ,순간
 , ,엄마
 , ,보고
 , ,때
 , ,코
 , ,끝
 , ,것
 , ,사진
 , ,어제
 , ,문화센터
 , ,사진
 , ,퍼미
 , ,요미
 , ,홈플러스
 , ,문화센터
 , ,강좌
 , ,식
 , ,재료
 , ,촉감
 , ,거
 , ,그날
 , ,주제
 , ,재료
 , ,간식
 , ,친구
 , ,런가
 , ,표정
 , ,쭉
 , ,어린이집
 , ,낮잠
 , ,자기
 , ,시작
 , ,시간
 , ,여름
 , ,학기
 , ,수
 , ,문화센터
 , ,문센룩
 , ,개월
 , ,아기
 , ,개월
 , ,생후
 , ,인천
 , ,맘
 , ,어린이집
 , ,등원
 , ,어린이집
 , ,하원
 , ,후
 , ,낮잠
 , ,자고
 , ,키카
 , ,행
 , ,편백나무
 , ,팝콘
 , ,언제
 , ,이면
 , ,입
 , ,어린이집
 , ,생각
 , ,오라
 , ,어제
 , ,혼자
 , ,등원
 , ,엄마
 , ,때
 , ,잉해
 , ,눈물
 , ,사진
 , ,눈물
 , ,쏙
 , ,애기
 , ,어린이집
 , ,잠깐
 , ,여유
 , ,얼마나
 , ,미세먼지
 , ,보이
 , ,햇살
 , ,사
 , ,워
 , ,보이
 , ,세상
 , ,보
 , ,당황
 , ,뭐
 , ,상
 , ,하복
 , ,더
 , ,사
 , ,어린이집
 , ,등원
 , ,어린이집
 , ,등원
 , ,어린이집
 , ,개월
 , ,아기
 , ,생후
 , ,어린이집
 , ,등원
 , ,무사
 , ,해
 , ,편백나무
 , ,인천
 , ,키즈
 , ,카페
 , ,연수동
 , ,키즈
 , ,카페
 , ,은수
 , ,생
 , ,첫
 , ,글램핑
 , ,너
 , ,캠핑
 , ,생각
 , ,너
 , ,손
 , ,물이
 , ,젖병
 , ,손
 , ,이슬
 , ,톡톡
 , ,술
 , ,엄마
 , ,이슬
 , ,톡톡
 , ,캔
 , ,미세먼지
 , ,날
 , ,우리
 , ,첫
 , ,글램핑
 , ,미세먼지
 , ,기온
 , ,탓
 , ,날
 , ,코
 , ,콧물
 , ,줄줄
 , ,경험
 , ,걸
 , ,병원
 , ,콧물찔찔
 , ,딸
 , ,래미
 , ,아기
 , ,캠핑
 , ,아기
 , ,글램핑
 , ,아기
 , ,여행
 , ,생후
 , ,개월
 , ,아기
 , ,인천
 , ,글램핑
 , ,인천
 , ,캠핑장
 , ,영흥도
 , ,캠핑장
 , ,영흥도
 , ,글램핑
 , ,블랙
 , ,트리
 , ,캠핑장
 , ,여행
 , ,스타
 , ,그램
 , ,인천
 , ,맘
 , ,인천
 , ,여행
 , ,고생
 , ,스타
 , ,그램
 , ,갑자기
 , ,여행
 , ,연애
 , ,때
 , ,번은
 , ,곳
 , ,우리
 , ,딸
 , ,물놀이
 , ,제법
 , ,줄
 , ,듯
 , ,요새
 , ,자꾸
 , ,고고
 , ,고
 , ,손
 , ,개구리
 , ,눈
 , ,조물
 , ,조물
 , ,스파
 , ,갑자기
 , ,어디
 , ,체온
 , ,계속
 , ,왜
 , ,강화도
 , ,여행
 , ,강화도
 , ,강화도
 , ,펜션
 , ,스파
 , ,스파
 , ,펜션
 , ,가족
 , ,여행
 , ,아기
 , ,여행
 , ,생후
 , ,개월
 , ,아기
 , ,인천
 , ,맘
 , ,꽃송이
 , ,분위기
 , ,통통
 , ,이은수
 , ,머리
 , ,막
 , ,키
 , ,앓이
 , ,때문
 , ,어마
 , ,지난주
 , ,돌발
 , ,진
 , ,바로
 , ,앓이
 , ,울
 , ,토닥토닥
 , ,닛
 , ,캔디
 , ,소용
 , ,만
 , ,피드
 , ,생후
 , ,개월
 , ,아기
 , ,돌발
 , ,진
 , ,앓이
 , ,닛
 , ,캔디
 , ,육아
 , ,일기
 , ,머리
 , ,머리
 , ,숱
 , ,인천
 , ,맘
 , ,도치
 , ,맘
 , ,은수
 , ,너
 , ,내
 , ,딸
 , ,엄마
 , ,따님
 , ,코감기
 , ,일주일
 , ,집콕
 , ,미챠버린
 , ,모녀
 , ,일상
 , ,이야기
 , ,목소리
 , ,변조
 , ,더
 , ,찰떡
 , ,스노우
 , ,모녀
 , ,육아
 , ,일상
 , ,생후
 , ,개월
 , ,아기
 , ,아기
 , ,동영상
 , ,웅변
 , ,대회
 , ,상
 , ,호소
 , ,힘
 , ,보약
 , ,질문
 , ,연휴
 , ,마지막
 , ,날
 , ,시댁
 , ,어머님
 , ,표
 , ,떡국
 , ,다
 , ,베이비
 , ,카페
 , ,체력
 , ,줄
 , ,이번
 , ,연휴
 , ,땐
 , ,키즈
 , ,카페
 , ,출석
 , ,이은수
 , ,웅변
 , ,대회
 , ,생후
 , ,베이비
 , ,카페
 , ,아스타
 , ,그램
 , ,육아
 , ,맘
 , ,일상
 , ,베이비
 , ,엔젤스
 , ,킨텍스
 , ,키즈
 , ,카페
 , ,덩치
 , ,남산
 , ,몸뚱이
 , ,자꾸
 , ,카트
 , ,꽉
 , ,느낌
 , ,집
 , ,박스
 , ,긔
 , ,어제
 , ,오늘
 , ,키카
 , ,행
 , ,연휴
 , ,이틀
 , ,수가
 , ,랜선
 , ,이모
 , ,삼촌
 , ,새해
 , ,복
 , ,은수
 , ,광수
 , ,들숨
 , ,건강
 , ,날숨
 , ,재력
 , ,새해
 , ,옷좀
 , ,거
 , ,미안
 , ,인천
 , ,키즈
 , ,카페
 , ,코코
 , ,블리
 , ,인천
 , ,점
 , ,리틀
 , ,비틀
 , ,연수
 , ,점
 , ,인천
 , ,맘
 , ,육아
 , ,소통
 , ,아스타
 , ,그램
 , ,요즘
 , ,광수
 , ,스타일
 , ,소녀
 , ,맘
 , ,이
 , ,스탈
 , ,쭉
 , ,중
 , ,간식
 , ,냄새
 , ,귀신
 , ,블로그
 , ,이웃
 , ,핫도그
 , ,와우
 , ,스틱
 , ,사이즈
 , ,은수
 , ,키
 , ,만해
 , ,먹이
 , ,개
 , ,스트레스
 , ,해소
 , ,치석
 , ,제거
 , ,인스타그램
 , ,후기
 , ,사이즈
 , ,하나
 , ,더
 , ,이벤트
 , ,중이
 , ,광수
 , ,참여
 , ,광수
 , ,그램
 , ,빅푸들사우르스
 , ,와우
 , ,와우
 , ,껌
 , ,와우
 , ,수제
 , ,간식
 , ,미네
 , ,스타
 , ,그램
 , ,강아지
 , ,간식
 , ,애견
 , ,수제
 , ,간식
 , ,애견
 , ,간식
 , ,돌잔치
 , ,사진
 , ,송도
 , ,옥
 , ,마을
 , ,직계
 , ,가족
 , ,끼리
 , ,식사
 , ,한복
 , ,고민
 , ,듯
 , ,차라리
 , ,크게
 , ,잔치
 , ,낫
 , ,직계
 , ,가족
 , ,명
 , ,신경
 , ,더
 , ,것
 , ,하나
 , ,하나
 , ,것
 , ,것
 , ,것
 , ,추가
 , ,간소
 , ,것
 , ,낮잠
 , ,자고
 , ,불어
 , ,통통이
 , ,공주
 , ,실내
 , ,표정
 , ,다행
 , ,알록달록
 , ,색동
 , ,한복
 , ,자칫
 , ,스냅
 , ,젤
 , ,만족
 , ,돌끝맘
 , ,것
 , ,가족
 , ,한복
 , ,인천
 , ,돌
 , ,스냅
 , ,돌잔치
 , ,메이크업
 , ,돌잔치
 , ,한복
 , ,돌잔치
 , ,한복
 , ,대여
 , ,인천
 , ,소규모
 , ,돌잔치
 , ,인천
 , ,돌잔치
 , ,한복
 , ,메이크업
 , ,새해
 , ,첫
 , ,피드
 , ,통통이
 , ,공주
 , ,내
 , ,를
 , ,줄
 , ,집
 , ,짜증
 , ,고민
 , ,키카
 , ,수도
 , ,문
 , ,몇
 , ,개
 , ,더
 , ,날
 , ,놀이터
 , ,어서
 , ,봄
 , ,어린이집
 , ,가면
 , ,진짜
 , ,놀
 , ,것
 , ,또
 , ,감기
 , ,옮아오
 , ,맴
 , ,일
 , ,것
 , ,육아
 , ,유아식
 , ,시작
 , ,못했넴
 , ,통통이
 , ,공주
 , ,둥실
 , ,꽃송이
 , ,개월
 , ,아기
 , ,리틀
 , ,비틀
 , ,인천
 , ,키즈
 , ,카페
 , ,육아
 , ,고민
 , ,육아
 , ,일상
 , ,개월
 , ,아기
 , ,메리크리스마스
 , ,오늘
 , ,은수
 , ,유아세례
 , ,아침
 , ,준비
 , ,런가
 , ,크리스마스
 , ,사진
 , ,돌
 , ,촬영
 , ,크리스마스
 , ,버전
 , ,저
 , ,낮잠
 , ,푹
 , ,자고
 , ,뭘
 , ,하든
 , ,크리스마스
 , ,크리스마스
 , ,유아세례
 , ,돌
 , ,사진
 , ,돌
 , ,촬영
 , ,육아
 , ,일상
 , ,육아
 , ,소통
 , ,은수
 , ,돌
 , ,돌
 , ,촬영
 , ,오늘
 , ,사진
 , ,영유
 , ,차도
 , ,몸무게
 , ,그래프
 , ,한참
 , ,머리크기
 , ,왜
 , ,때문
 , ,키
 , ,상대
 , ,실망
 , ,통통이
 , ,공주
 , ,생일
 , ,엄마
 , ,아빠
 , ,편지
 , ,사랑
 , ,내
 , ,딸
 , ,돌잔치
 , ,사진
 , ,대서
 , ,나중
 , ,은수
 , ,한복
 , ,모자
 , ,저고리
 , ,겨우
 , ,통통이
 , ,공주
 , ,공주
 , ,똥
 , ,머리
 , ,돌끝맘
 , ,돌
 , ,촬영
 , ,개월
 , ,개월
 , ,아기
 , ,육아
 , ,맘
 , ,육아
 , ,일상
 , ,아기
 , ,드레스
 , ,우량
 , ,신생아
 , ,때
 , ,쭉
 , ,리베로
 , ,병행수입
 , ,스웨덴
 , ,바로
 , ,더
 , ,맘
 , ,유럽
 , ,기저귀
 , ,통통이
 , ,허리
 , ,자국
 , ,하나
 , ,밴드
 , ,아주
 , ,굿
 , ,기저귀
 , ,추천
 , ,친환경
 , ,인증
 , ,기저귀
 , ,제품
 , ,협찬
 , ,출산
 , ,선물
 , ,리베로
 , ,기저귀
 , ,기저귀
 , ,우량
 , ,스완
 , ,라벨
 , ,아기
 , ,스타
 , ,그램
 , ,육아
 , ,맘
 , ,일상
 , ,육아
 , ,일상
 , ,육아
 , ,스트레스
 , ,온
 , ,임창정
 , ,콘서트
 , ,제발
 , ,인천
 , ,해
 , ,해
 , ,이제
 , ,임창정
 , ,라이브
 , ,창해
 , ,노래
 , ,임창정
 , ,기념
 , ,셀카
 , ,산후
 , ,탈모
 , ,후
 , ,잔
 , ,머리
 , ,마치
 , ,앞머리
 , ,늠
 , ,얼마
 , ,전
 , ,셀카
 , ,만인
 , ,우리
 , ,부부
 , ,소식
 , ,전
 , ,녀
 , ,보제
 , ,염
 , ,얌
 , ,거기
 , ,부부
 , ,스타
 , ,그램
 , ,콘서트
 , ,떼창
 , ,준비
 , ,자유
 , ,부부
 , ,육아
 , ,일상
 , ,육아
 , ,소통
 , ,광수
 , ,삔
 , ,은수
 , ,광수
 , ,둘
 , ,지금
 , ,마음
 , ,하란
 , ,의미
 , ,아웃
 , ,포커
 , ,싱
 , ,찰나
 , ,요즘
 , ,피부
 , ,왤케
 , ,병원
 , ,그때
 , ,잠깐
 , ,걱정
 , ,걱정
 , ,귀
 , ,마찬가지
 , ,난리
 , ,난리
 , ,부르스
 , ,이광수
 , ,아기
 , ,핀
 , ,핀
 , ,스타
 , ,그램
 , ,빅푸들사우르스
 , ,맥거핀
 , ,스튜디오
 , ,유아
 , ,핀
 , ,강아지
 , ,피부병
 , ,아기
 , ,강아지
 , ,머리
 , ,왜
 , ,파마
 , ,언제
 , ,수
 , ,뽀글이
 , ,머리
 , ,이제
 , ,트리트먼트
 , ,린스
 , ,것
 , ,아기
 , ,들것
 , ,오늘
 , ,첫
 , ,문
 , ,수업
 , ,마지막
 , ,날
 , ,꼬물이
 , ,생각
 , ,벌써
 , ,은수
 , ,겨울
 , ,학기
 , ,친구
 , ,개월
 , ,아기
 , ,돌준맘
 , ,머리
 , ,머리
 , ,숱
 , ,아기
 , ,목욕
 , ,아스타
 , ,그램
 , ,딸
 , ,스타
 , ,그램
 , ,모야
 , ,걱정
 , ,은수
 , ,구강기
 , ,일
 , ,언제
 , ,듯
 , ,계속
 , ,줄
 , ,입
 , ,엄마
 , ,것
 , ,구강기
 , ,도대체
 , ,언제
 , ,긔
 , ,블로그
 , ,인스타그램
 , ,인친
 , ,계시
 , ,제
 , ,블로그
 , ,리베로
 , ,터치
 , ,밴드
 , ,기저귀
 , ,나눔
 , ,이벤트
 , ,참여
 , ,추첨
 , ,팩
 , ,저
 , ,팬티
 , ,터치
 , ,리베로
 , ,제일
 , ,고급
 , ,라인
 , ,업체
 , ,이벤트
 , ,후기
 , ,필수
 , ,우수
 , ,후기
 , ,팩
 , ,더
 , ,은수
 , ,휴대
 , ,용
 , ,물티슈
 , ,도
 , ,리베로
 , ,구강기
 , ,육아
 , ,맘
 , ,일상
 , ,육아
 , ,일상
 , ,물티슈
 , ,리베로
 , ,물티슈
 , ,물티슈
 , ,유아
 , ,물티슈
 , ,부터
 , ,얘기
 , ,그동안
 , ,제
 , ,아침
 , ,이유식
 , ,준비
 , ,동안
 , ,갑자기
 , ,은수
 , ,사레
 , ,기침
 , ,주위
 , ,뭘
 , ,아예
 , ,잠깐
 , ,사이
 , ,거
 , ,침
 , ,런가
 , ,왜
 , ,토
 , ,피
 , ,소아과
 , ,소아과
 , ,도착
 , ,아예
 , ,피
 , ,토
 , ,대학병원
 , ,바로
 , ,가라
 , ,고해
 , ,구급차
 , ,타고
 , ,도중
 , ,울면
 , ,계속
 , ,켁켁
 , ,거렸는데
 , ,어른
 , ,주먹
 , ,피
 , ,토
 , ,거기
 , ,저
 , ,스티커
 , ,스틸
 , ,재질
 , ,알루미늄
 , ,재질
 , ,스티커
 , ,저
 , ,저런
 , ,스티커
 , ,책
 , ,장난감
 , ,저
 , ,저걸
 , ,신랑
 , ,집
 , ,유모차
 , ,반대편
 , ,마찬가지
 , ,대요
 , ,개봉
 , ,한지
 , ,달
 , ,정도
 , ,실
 , ,사용
 , ,미만
 , ,업체
 , ,말
 , ,일이
 , ,처음
 , ,블로그
 , ,체험
 , ,단
 , ,홍보
 , ,회사
 , ,직원
 , ,유모차
 , ,손
 , ,해도
 , ,수
 , ,다른
 , ,저
 , ,합치
 , ,의
 , ,확률
 , ,아기
 , ,사용
 , ,술
 , ,집
 , ,싸이
 , ,벡스
 , ,프리암
 , ,확인
 , ,절대
 , ,손
 , ,수
 , ,저건
 , ,왜
 , ,소보원
 , ,접수
 , ,다른
 , ,피해자
 , ,방지
 , ,위해
 , ,소비자
 , ,위해
 , ,감시
 , ,시스템
 , ,접수
 , ,오늘
 , ,손해사정사
 , ,일이
 , ,퇴원
 , ,후
 , ,상태
 , ,지금
 , ,웃기
 , ,웃어요
 , ,낯
 , ,시작
 , ,엄마
 , ,만
 , ,도어
 , ,락
 , ,여
 , ,소리
 , ,때
 , ,오열
 , ,열
 , ,해열제
 , ,일도
 , ,은수
 , ,이번
 , ,더
 , ,구급차
 , ,피토
 , ,입원
 , ,금식
 , ,광수
 , ,저희
 , ,결혼기념일
 , ,주년
 , ,비
 , ,온
 , ,다음
 , ,땅
 , ,우리
 , ,가족
 , ,더
 , ,우리
 , ,가족
 , ,화이팅
 , ,육아
 , ,일상
 , ,맘
 , ,스타
 , ,그램
 , ,딸
 , ,스타
 , ,그램
 , ,엄마
 , ,은수
 , ,항상
 , ,하루하루
 , ,더
 , ,수
 , ,더
 , ,연구
 , ,사랑
 , ,내
 , ,딸
 , ,피
 , ,업체
 , ,로부터
 , ,제공
 , ,작성
 , ,베이비
 , ,바스
 , ,거품
 , ,목욕
 , ,아기
 , ,거품
 , ,목욕
 , ,목욕
 , ,시간
 , ,유아
 , ,스킨
 , ,케어
 , ,베이비
 , ,버블
 , ,아기
 , ,버블
 , ,리베로
 , ,로션
 , ,유아
 , ,로션
 , ,출산
 , ,선물
 , ,우리
 , ,집
 , ,진
 , ,싸가지
 , ,광수
 , ,털
 , ,점점
 , ,색
 , ,연해
 , ,것
 , ,옛날
 , ,사진
 , ,발견
 , ,사진
 , ,왜케
 , ,지게
 , ,광수
 , ,너
 , ,언제
 , ,철
 , ,샹노
 , ,무시
 , ,끼
 , ,지지마
 , ,허락
 , ,족도
 , ,빅
 , ,우르
 , ,스
 , ,스타
 , ,그램
 , ,이광수
 , ,토이
 , ,크림
 , ,첫째
 , ,새끼
 , ,리베로
 , ,충성
 , ,고객
 , ,이은수
 , ,궁둥이
 , ,무당벌레
 , ,마리
 , ,업그레이드
 , ,제일
 , ,사이즈
 , ,이제
 , ,더
 , ,이상
 , ,더
 , ,이상은
 , ,발진
 , ,번
 , ,개월
 , ,앞
 , ,쭉
 , ,유럽
 , ,기저귀
 , ,기저귀
 , ,추천
 , ,밤
 , ,기저귀
 , ,추천
 , ,친환경
 , ,인증
 , ,기저귀
 , ,출산
 , ,선물
 , ,리베로
 , ,기저귀
 , ,리베로
 , ,팬티
 , ,기저귀
 , ,추천
 , ,팬티
 , ,기저귀
 , ,제품
 , ,지원
 , ,작성
 , ,후기
 , ,이유식
 , ,땐
 , ,열쇠
 , ,문
 , ,것
 , ,처럼
 , ,스푼
 , ,가로
 , ,세로
 , ,입
 , ,겨우
 , ,요즘
 , ,먹음
 , ,이도
 , ,개
 , ,웃기
 , ,이유식
 , ,땐
 , ,과자
 , ,순삭
 , ,장난감
 , ,과자
 , ,입
 , ,땐
 , ,입
 , ,크게
 , ,은수
 , ,과자
 , ,아이
 , ,배냇
 , ,스틱
 , ,쌀
 , ,과자
 , ,치즈
 , ,설탕
 , ,거
 , ,안주
 , ,쌀
 , ,과자
 , ,동결
 , ,과일
 , ,간식
 , ,너희
 , ,아빠
 , ,주말
 , ,일해
 , ,약속
 , ,해
 , ,간식
 , ,대장
 , ,아기
 , ,과자
 , ,아기
 , ,간식
 , ,추천
 , ,아이
 , ,배냇
 , ,개월
 , ,기간
 , ,아기
 , ,간식
 , ,푹
 , ,줄
 , ,오늘
 , ,새벽
 , ,내일
 , ,은수
 , ,젤루
 , ,문
 , ,날
 , ,머리
 , ,나
 , ,우리
 , ,딸
 , ,엄마
 , ,창의력
 , ,점점
 , ,원더
 , ,윅스
 , ,기간
 , ,언제
 , ,다시
 , ,생후
 , ,개월
 , ,아기
 , ,원더
 , ,윅스
 , ,육아
 , ,맘
 , ,일상
 , ,육아
 , ,일상
 , ,딸
 , ,스타
 , ,그램
 , ,우리
 , ,이은수
 , ,똥강아지
 , ,우리
 , ,딸
 , ,벌써
 , ,크게
 , ,엄마
 , ,아빠
 , ,정말
 , ,심장소리
 , ,가슴
 , ,눈물
 , ,엊그제
 , ,벌써
 , ,미숙
 , ,엄마
 , ,아빠
 , ,너
 , ,언제
 , ,수
 , ,버팀목
 , ,수
 , ,오늘
 , ,내일
 , ,더
 , ,부모
 , ,수
 , ,너
 , ,존경
 , ,부모
 , ,수
 , ,노력
 , ,사랑
 , ,우리
 , ,딸
 , ,생후
 , ,딸
 , ,스타
 , ,그램
 , ,육아
 , ,일상
 , ,육아
 , ,맘
 , ,일상
 , ,개월
 , ,아기
 , ,개월
 , ,아기
 , ,돌준맘
 , ,아기
 , ,개린
 , ,외출
 , ,정말
 , ,정신
 , ,하나
 , ,둘
 , ,노력
 , ,기고
 , ,저
 , ,사진
 , ,전부
 , ,인
 , ,것
 , ,진땀
 , ,나
 , ,외출
 , ,나
 , ,동공
 , ,카메라
 , ,대변
 , ,사진
 , ,퀄리티
 , ,린다
 , ,아기
 , ,강아지
 , ,빅푸들사우르스
 , ,이광수
 , ,우리
 , ,집
 , ,첫째
 , ,현재
 , ,약간
 , ,찬밥
 , ,마지막
 , ,사진
 , ,사람
 , ,은수
 , ,뱃속
 , ,때
 , ,친구
 , ,사이즈
 , ,선물
 , ,꼬까
 , ,옷
 , ,오늘
 , ,첫
 , ,개시
 , ,맞춤
 , ,복
 , ,개월
 , ,아빠
 , ,오늘
 , ,은수
 , ,내일
 , ,더
 , ,주머니
 , ,손
 , ,때
 , ,아빠
 , ,내일
 , ,광수
 , ,더
 , ,아기
 , ,돼지
 , ,아빠
 , ,휴무
 , ,베이비
 , ,엔젤스
 , ,곧
 , ,우량
 , ,꼬까
 , ,옷
 , ,딸
 , ,스타
 , ,그램
 , ,예전
 , ,이제
 , ,절대
 , ,안
 , ,것
 , ,소리
 , ,개
 , ,놀란
 , ,광수
 , ,이제
 , ,이은수
 , ,이은수
 , ,하루
 , ,떡뻥
 , ,개
 , ,광수
 , ,아기
 , ,강아지
 , ,강아지
 , ,아기
 , ,생후
 , ,육아
 , ,일상
 , ,일상
 , ,이야기
 , ,블로거
 , ,걸음
 , ,마
 , ,오늘
 , ,하루
 , ,고
 , ,게
 , ,불금
 , ,줄
 , ,장난감
 , ,통
 , ,속
 , ,머리
 , ,장난감
 , ,이제
 , ,머리
 , ,바스
 , ,샴푸
 , ,샴푸
 , ,감겨
 , ,물
 , ,문어같쟈
 , ,엄마
 , ,불금
 , ,퇴
 , ,리베로
 , ,샴푸
 , ,유아
 , ,스킨
 , ,케어
 , ,리베로
 , ,생후
 , ,개월
 , ,아기
 , ,개월
 , ,아기
 , ,할아버지
 , ,사진
 , ,찍기
 , ,단말
 , ,우리
 , ,아버님
 , ,은수
 , ,볼
 , ,때
 , ,사진
 , ,은수
 , ,번
 , ,전부
 , ,오열
 , ,연휴
 , ,로또
 , ,탱자
 , ,탱자
 , ,놀
 , ,수
 , ,있을껀데
 , ,은수
 , ,머리
 , ,머리
 , ,끈
 , ,개
 , ,때
 , ,다른
 , ,스타일
 , ,은수
 , ,비록
 , ,발자국
 , ,정도
 , ,로또
 , ,꿈
 , ,모두
 , ,꿈
 , ,명절
 , ,끝
 , ,생후
 , ,뚱띠
 , ,다람쥐
 , ,맘마
 , ,피부
 , ,양보
 , ,그
 , ,피부
 , ,양보
 , ,유아
 , ,스킨
 , ,케어
 , ,리베로
 , ,크림
 , ,유아
 , ,로션
 , ,신생아
 , ,로션
 , ,후기
 , ,이유식
 , ,텀
 , ,이유식
 , ,재료
 , ,생각
 , ,엄마
 , ,내
 , ,은수
 , ,나
 , ,엄마
 , ,것
 , ,목소리
 , ,말
 , ,엄마
 , ,넌
 , ,걸
 , ,걱정
 , ,은수
 , ,바
 , ,꼭
 , ,돋보기
 , ,빵
 , ,돋보기
 , ,처럼
 , ,본인
 , ,돋보기
 , ,줄
 , ,왜
 , ,난
 , ,자꾸
 , ,것
 , ,유아
 , ,검진
 , ,몸무게
 , ,퍼센트
 , ,왜
 , ,엄마
 , ,너
 , ,영양실조
 , ,걱정
 , ,걱정
 , ,팔자
 , ,엄마
 , ,너
 , ,것
 , ,얼굴
 , ,애기
 , ,몸
 , ,마동석
 , ,사랑
 , ,개월
 , ,아기
 , ,생후
 , ,우량
 , ,이
 , ,언제
 , ,표정
 , ,은수
 , ,너
 , ,생각
 , ,기저귀
 , ,거
 , ,팸
 , ,퍼스
 , ,베이비
 , ,드라이
 , ,팬티
 , ,쑝
 , ,팸
 , ,퍼스
 , ,선물
 , ,은수
 , ,워낙
 , ,꿀벅지
 , ,런가
 , ,단계
 , ,좀
 , ,작고
 , ,맨
 , ,마지막
 , ,단계
 , ,편안
 , ,해해
 , ,밤
 , ,기저귀
 , ,추천
 , ,팸
 , ,퍼스
 , ,기저귀
 , ,로
 , ,밤
 , ,기저귀
 , ,발진
 , ,기저귀
 , ,추천
 , ,팬티
 , ,기저귀
 , ,팬티
 , ,기저귀
 , ,추천
 , ,육아
 , ,맘
 , ,일상
 , ,팸
 , ,퍼스
 , ,제공
 , ,신생아
 , ,때
 , ,쭉
 , ,리베로
 , ,기저귀
 , ,무당벌레
 , ,마리
 , ,벌써
 , ,단계
 , ,시간
 , ,것
 , ,시간
 , ,네
 , ,둘
 , ,기저귀
 , ,쟁여놔
 , ,마음
 , ,것
 , ,팩
 , ,때
 , ,쟈
 , ,안
 , ,보신
 , ,번
 , ,집
 , ,온
 , ,친구
 , ,몇
 , ,개
 , ,보고
 , ,아가
 , ,꽤
 , ,거
 , ,개월
 , ,아기
 , ,기저귀
 , ,기저귀
 , ,추천
 , ,친환경
 , ,인증
 , ,기저귀
 , ,유럽
 , ,기저귀
 , ,신생아
 , ,기저귀
 , ,엄마
 , ,이유식
 , ,극혐
 , ,엄마
 , ,잠시
 , ,속
 , ,뻔
 , ,노래
 , ,소리
 , ,눈
 , ,똥
 , ,숟가락
 , ,보고
 , ,역시
 , ,이유식
 , ,사
 , ,이유식
 , ,거부
 , ,중
 , ,이유식
 , ,생후
 , ,개월
 , ,아기
 , ,인천
 , ,맘
 , ,사랑
 , ,우리
 , ,가족
 , ,날
 , ,다
 , ,동네
 , ,바퀴
 , ,아빠
 , ,은수
 , ,걱정
 , ,은수
 , ,만
 , ,집중
 , ,광수
 , ,자기
 , ,난리
 , ,사랑
 , ,원래
 , ,첫째
 , ,광수
 , ,요즘
 , ,은수
 , ,광수
 , ,간식
 , ,때
 , ,제일
 , ,사람
 , ,먼저
 , ,사람
 , ,먼저
 , ,첫째
 , ,비애
 , ,우리
 , ,가족
 , ,가족
 , ,산책
 , ,사랑
 , ,자유
 , ,부인
 , ,날
 , ,나나
 , ,간다
 , ,아기
 , ,강아지
 , ,생후
 , ,정글북
 , ,글리
 , ,우리
 , ,집
 , ,사람
 , ,말
 , ,못
 , ,발
 , ,점점
 , ,머리카락
 , ,주체
 , ,세안
 , ,밴드
 , ,괜춘
 , ,곧
 , ,브라
 , ,끈
 , ,닿겄어
 , ,요즘
 , ,얼마나
 , ,짓
 , ,정말
 , ,꽉
 , ,거
 , ,정글북
 , ,글리
 , ,늑대소년
 , ,장발장
 , ,머리
 , ,숱
 , ,생후
 , ,인천
 , ,맘
 , ,콩
 , ,고물
 , ,견
 , ,은광
 , ,수
 , ,둘
 , ,떡뻥
 , ,은수
 , ,별로
 , ,광수
 , ,견
 , ,광수
 , ,눈털
 , ,정리
 , ,좀
 , ,눈
 , ,더
 , ,스누피
 , ,생후
 , ,개월
 , ,아기
 , ,아기
 , ,강아지
 , ,아기
 , ,간식
 , ,아기
 , ,과자
 , ,귀요미
 , ,만
 , ,은수
 , ,날
 , ,채린
 , ,원피스
 , ,훈
 , ,은수
 , ,머리띠
 , ,원피스
 , ,셋
 , ,공주
 , ,왜
 , ,보
 , ,은수
 , ,젤
 , ,옷
 , ,좀
 , ,사
 , ,듯
 , ,엄마
 , ,저
 , ,시
 , ,왜케
 , ,머리
 , ,쟤
 , ,내
 , ,오늘
 , ,이광수
 , ,사장
 , ,파리
 , ,가게
 , ,바깥
 , ,구경만
 , ,광수
 , ,오늘
 , ,아가
 , ,간식
 , ,먹었넴
 , ,다행
 , ,안
 , ,안심
 , ,훈
 , ,공
 , ,표정
 , ,아들
 , ,후궁
 , ,아들
 , ,제일
 , ,개월
 , ,아기
 , ,개월
 , ,아기
 , ,친구
 , ,스타
 , ,그램
 , ,아기
 , ,친구
 , ,드레스
 , ,파티
 , ,주님
 , ,공주
 , ,인천
 , ,맘
 , ,장사
 , ,안
 , ,파리
 , ,진상
 , ,손님
 , ,이광수
 , ,사장
 , ,고집
 , ,저
 , ,사람
 , ,우리
 , ,동네
 , ,맘
 , ,속
 , ,그냥
 , ,주문
 , ,가게
 , ,진상
 , ,손님
 , ,사장
 , ,왕
 , ,가세
 , ,아기
 , ,강아지
 , ,오늘
 , ,개월
 , ,개월
 , ,아기
 , ,개월
 , ,생후
 , ,은수
 , ,신랑
 , ,나
 , ,홀로
 , ,친구
 , ,첨
 , ,날
 , ,너
 , ,집
 , ,이
 , ,팩
 , ,사진
 , ,요즘
 , ,유행
 , ,요
 , ,난
 , ,그
 , ,스노우
 , ,유행
 , ,것
 , ,원래
 , ,진짜
 , ,당
 , ,은수
 , ,소주
 , ,병
 , ,만
 , ,친구
 , ,병반
 , ,짬빠
 , ,어디
 , ,안
 , ,간다
 , ,은수
 , ,때
 , ,가장
 , ,엄마
 , ,인생
 , ,통틀어
 , ,서도
 , ,너
 , ,엄마
 , ,온
 , ,지금
 , ,순간
 , ,젤
 , ,널
 , ,내
 , ,생
 , ,가장
 , ,일이
 , ,새끼
 , ,사랑
 , ,해
 , ,친구
 , ,스타
 , ,그램
 , ,술
 , ,스타
 , ,그램
 , ,병반
 , ,스노우
 , ,팩스
 , ,그램
 , ,엄마
 , ,스타
 , ,그램
 , ,보물
 , ,퉁실
 , ,손
 , ,필
 , ,줄
 , ,알
 , ,손
 , ,아주
 , ,퉁실퉁실
 , ,통통이
 , ,것
 , ,안보
 , ,목
 , ,통통이
 , ,잼잼
 , ,생후
 , ,나
 , ,통통이
 , ,딸
 , ,스타
 , ,그램
 , ,퉁실
 , ,인천
 , ,맘
 , ,개월
 , ,아기
 , ,개월
 , ,아기
 , ,웃통
 , ,이유식
 , ,미로
 , ,떡뻥
 , ,하나
 , ,쥐
 , ,젖병
 , ,찰리채플린
 , ,첨
 , ,피멍
 , ,알
 , ,놀람
 , ,코로
 , ,중
 , ,이유식
 , ,아기
 , ,간식
 , ,아기
 , ,과자
 , ,떡뻥
 , ,개월
 , ,아기
 , ,콧수염
 , ,생후
 , ,이번
 , ,여름
 , ,이유
 , ,우리
 , ,집
 , ,햇님
 , ,하나
 , ,더
 , ,때문
 , ,저녁
 , ,사이
 , ,출몰
 , ,저
 , ,햇님
 , ,때문
 , ,열대야
 , ,더
 , ,샴푸
 , ,캡
 , ,부
 , ,얼굴
 , ,우리
 , ,집
 , ,동글이
 , ,햇님
 , ,햇님
 , ,목욕
 , ,시간
 , ,언제
 , ,부활
 , ,머리
 , ,거
 , ,어쩌
 , ,란말
 , ,트위스트
 , ,생후
 , ,곧
 , ,개월
 , ,곧
 , ,개월
 , ,아기
 , ,목욕
 , ,스타
 , ,그램
 , ,샴푸
 , ,캡
 , ,쟤
 , ,목욕
 , ,때
 , ,우
 , ,내
 , ,일
 , ,울
 , ,말
 , ,알바
 , ,나
 , ,간다
 , ,나
 , ,목욕
 , ,시간
 , ,아기
 , ,강아지
 , ,빅푸들사우르스
 , ,아기
 , ,목욕
 , ,휴가
 , ,베이비
 , ,펜션
 , ,키즈
 , ,펜션
 , ,왜케
 , ,요새
 , ,시세
 , ,콩팥
 , ,아야
 , ,휴가
 , ,수
 , ,호텔
 , ,호텔
 , ,수영장
 , ,다
 , ,사용
 , ,낯
 , ,이은수
 , ,오열
 , ,또
 , ,패스
 , ,연애
 , ,때
 , ,은수
 , ,번
 , ,방문
 , ,펜션
 , ,야외
 , ,수영장
 , ,방
 , ,스파
 , ,옴
 , ,아기
 , ,튜브
 , ,플라밍고
 , ,바람
 , ,크기
 , ,새벽
 , ,오열
 , ,덕분
 , ,아침
 , ,체크아웃
 , ,겨울
 , ,또
 , ,그땐
 , ,통
 , ,살
 , ,살
 , ,광수
 , ,은수
 , ,애견
 , ,펜션
 , ,여행가
 , ,되겠쥬
 , ,강화도
 , ,펜션
 , ,개월
 , ,아기
 , ,아기
 , ,여행
 , ,아기
 , ,국내
 , ,여행
 , ,강화도
 , ,베이비
 , ,펜션
 , ,키즈
 , ,펜션
 , ,막
 , ,해수욕장
 , ,우리
 , ,퉁실
 , ,개월
 , ,인생
 , ,처음
 , ,감기
 , ,병원
 , ,트리플
 , ,스트리트
 , ,워낙
 , ,효녀셔
 , ,쌀국수
 , ,쌀국수
 , ,선택
 , ,엄마
 , ,잘못
 , ,김
 , ,엄마
 , ,아빠
 , ,빙수
 , ,척
 , ,나중
 , ,은수
 , ,려고
 , ,편지지
 , ,스티커
 , ,오늘
 , ,몇
 , ,개
 , ,나중
 , ,은수
 , ,생각
 , ,기분
 , ,늠
 , ,행복
 , ,감기
 , ,약
 , ,엄마
 , ,약간
 , ,딸
 , ,불효
 , ,녀
 , ,웁니
 , ,트리플
 , ,스트리트
 , ,아기
 , ,코감기
 , ,효녀
 , ,낯가림
 , ,오지
 , ,지리
 , ,렛잇고
 , ,자주
 , ,딸
 , ,스타
 , ,그램
 , ,아기
 , ,스타
 , ,그램
 , ,항상
 , ,모습
 , ,너
 , ,것
 , ,회사
 , ,육아
 , ,랴
 , ,집
 , ,틈
 , ,조금
 , ,더
 , ,은수
 , ,젠
 , ,통잠
 , ,우리
 , ,푹
 , ,수
 , ,날
 , ,매일
 , ,사랑
 , ,너
 , ,생일
 , ,축하
 , ,해
 , ,재문
 , ,럽
 , ,스타
 , ,그램
 , ,전생
 , ,너
 , ,나
 , ,죄
 , ,사랑
 , ,미용실
 , ,손님
 , ,분
 , ,이
 , ,분도
 , ,이제
 , ,발
 , ,길
 , ,듯
 , ,손님
 , ,사진
 , ,드라이
 , ,세
 , ,미용실
 , ,개월
 , ,개월
 , ,아기
 , ,생후
 , ,아기
 , ,미용실
 , ,머리
 , ,얼굴
 , ,선
 , ,광수
 , ,발톱
 , ,머리
 , ,발끝
 , ,마마이
 , ,펫
 , ,발톱깎이
 , ,발톱깎이
 , ,강아지
 , ,발톱
 , ,강아지
 , ,미용
 , ,강아지
 , ,용품
 , ,새끼
 , ,이발
 , ,원래
 , ,곳
 , ,광수
 , ,미용
 , ,삼촌
 , ,은퇴
 , ,날
 , ,삼촌
 , ,는걸
 , ,하자
 , ,시간
 , ,왜케
 , ,아기
 , ,왜케
 , ,차이
 , ,지금
 , ,숙녀
 , ,은수
 , ,제
 , ,품
 , ,팔베개
 , ,밤
 , ,몇번
 , ,밤수
 , ,밑
 , ,이
 , ,중이
 , ,이
 , ,원래
 , ,밤
 , ,아기
 , ,통잠
 , ,뭔가
 , ,의
 , ,무게
 , ,지금
 , ,내
 , ,배위
 , ,나
 , ,통통이
 , ,빅푸들사우르스
 , ,개월
 , ,아기
 , ,아기
 , ,강아지
 , ,잠
 , ,퉁실
 , ,이제
 , ,궁디
 , ,무거워
 , ,런가
 , ,뒤
 , ,임
 , ,통잠
 , ,통
 , ,새벽
 , ,몇
 , ,번
 , ,밤
 , ,수도
 , ,이유식
 , ,시작
 , ,아주
 , ,핸드폰
 , ,외부
 , ,메모리
 , ,용량
 , ,사진
 , ,통
 , ,폰
 , ,폰
 , ,중
 , ,거
 , ,삼성
 , ,충성
 , ,고객
 , ,정
 , ,아이폰
 , ,생후
 , ,이유식
 , ,시작
 , ,초기
 , ,이유식
 , ,폰
 , ,인천
 , ,맘
 , ,육아
 , ,소통
 , ,록
 , ,얘기
 , ,은수
 , ,유아
 , ,검진
 , ,몸무게
 , ,차
 , ,껄껄
 , ,껄
 , ,거
 , ,젤루
 , ,퉁
 , ,걸
 , ,머리크기
 , ,키
 , ,먹이
 , ,집
 , ,온
 , ,소
 , ,언니
 , ,디즈니
 , ,커플룩
 , ,사진
 , ,좀
 , ,저
 , ,언니
 , ,곁
 , ,안주
 , ,몸무게
 , ,차이
 , ,힘
 , ,언니
 , ,중심
 , ,팔
 , ,유아
 , ,검진
 , ,디즈니
 , ,하복
 , ,우량
 , ,개월
 , ,아기
 , ,개월
 , ,아기
 , ,투표
 , ,인증샷
 , ,아빠
 , ,딸
 , ,미도
 , ,짜증
 , ,강호동
 , ,스웩
 , ,지금
 , ,헬
 , ,조선
 , ,소리
 , ,쏙
 , ,은수
 , ,살기
 , ,더
 , ,나라
 , ,선거
 , ,인증
 , ,스웩
 , ,개월
 , ,아기
 , ,투표
 , ,인증
 , ,연수
 , ,연수동
 , ,광수
 , ,미모
 , ,중
 , ,여기
 , ,얼마나
 , ,눈
 , ,주위
 , ,집
 , ,야매
 , ,괜춘한듯
 , ,비록
 , ,통수
 , ,비율
 , ,이상하
 , ,미용
 , ,곳
 , ,이광수
 , ,빅푸들사우르스
 , ,스타
 , ,그램
 , ,연수동
 , ,애견
 , ,미용
 , ,연수구
 , ,애견
 , ,미용
 , ,인천
 , ,애견
 , ,미용
 , ,최
 , ,애견
 , ,집
 , ,첫째
 , ,야매
 , ,미용
 , ,요즘
 , ,피드
 , ,이유
 , ,핸드폰
 , ,용량
 , ,꽉
 , ,차서
 , ,사진
 , ,유모차
 , ,끌
 , ,광수
 , ,델꼬
 , ,정신
 , ,카메라
 , ,무리
 , ,최근
 , ,은수
 , ,배밀
 , ,시작
 , ,둘
 , ,분리
 , ,광수
 , ,샐쭉
 , ,산책
 , ,다시
 , ,노력
 , ,요
 , ,만오천원
 , ,행복
 , ,산
 , ,상
 , ,하복
 , ,이건
 , ,노란색
 , ,티거
 , ,핑크색
 , ,피글렛
 , ,삼
 , ,사이즈
 , ,겨
 , ,진짜
 , ,어린이
 , ,색깔
 , ,별로
 , ,살껄
 , ,존귀
 , ,개월
 , ,아기
 , ,생후
 , ,아기
 , ,옷
 , ,아기
 , ,하복
 , ,유아
 , ,하복
 , ,아기
 , ,옷
 , ,마켓
 , ,디즈니
 , ,하복
 , ,티거
 , ,수영장
 , ,미공개컷
 , ,맨
 , ,처음
 , ,목
 , ,튜브
 , ,이름
 , ,이니셜
 , ,이마
 , ,숫자
 , ,아가
 , ,개월
 , ,수
 , ,표시
 , ,개월
 , ,아가
 , ,이은수
 , ,뭔가
 , ,왕만
 , ,찹쌀떡
 , ,중국
 , ,부호
 , ,마린
 , ,꼭
 , ,땐
 , ,지게
 , ,또
 , ,땐
 , ,두루
 , ,뭉실
 , ,것
 , ,육아
 , ,일상
 , ,토실이
 , ,왕만
 , ,찹쌀떡
 , ,중국
 , ,부호
 , ,아기
 , ,물놀이
 , ,아기
 , ,목
 , ,튜브
 , ,아기
 , ,수영장
 , ,송도
 , ,베이비
 , ,엔젤스
 , ,하이
 , ,바
 , ,비록
 , ,광수
 , ,토요일
 , ,무렵
 , ,가족
 , ,동네
 , ,산책
 , ,황사
 , ,미세먼지
 , ,난리
 , ,스
 , ,여름
 , ,날씨
 , ,은수
 , ,집
 , ,여름
 , ,내복
 , ,외출
 , ,복
 , ,어른
 , ,아가
 , ,체온
 , ,때
 , ,팔
 , ,반바지
 , ,나
 , ,광수
 , ,미용
 , ,다행
 , ,환불
 , ,곳
 , ,가야
 , ,것
 , ,광수
 , ,씨
 , ,수박
 , ,생각
 , ,하자
 , ,가족
 , ,산책
 , ,동네
 , ,산책
 , ,싸이
 , ,벡스
 , ,프리암
 , ,미용
 , ,실패
 , ,아기
 , ,외출
 , ,복
 , ,주말
 , ,육아
 , ,일상
 , ,아기
 , ,강아지
 , ,은수
 , ,조리
 , ,동기
 , ,수영
 , ,애기
 , ,처음
 , ,커서
 , ,런가
 , ,록
 , ,집중
 , ,심장
 , ,신생
 , ,서로
 , ,더
 , ,크게
 , ,응애
 , ,엊그제
 , ,세월
 , ,베이비
 , ,엔젤스
 , ,베이비
 , ,엔젤스
 , ,송도
 , ,아기
 , ,수영장
 , ,아기
 , ,수영
 , ,조리
 , ,동기
 , ,개월
 , ,아기
 , ,생후
 , ,점퍼
 , ,루
 , ,다행
 , ,할머니
 , ,할아버지
 , ,은수
 , ,곧
 , ,천장
 , ,층
 , ,것
 , ,저
 , ,돌
 , ,때
 , ,제
 , ,유전자
 , ,넌
 , ,몇
 , ,은수
 , ,크게
 , ,중
 , ,퉁실
 , ,통통이
 , ,생후
 , ,디즈니
 , ,점퍼
 , ,루
 , ,숱
 , ,은수
 , ,광수
 , ,둘
 , ,왜케
 , ,컴퓨터
 , ,은수
 , ,영상
 , ,발견
 , ,혼자
 , ,보기
 , ,하나
 , ,침
 , ,발끝
 , ,힘
 , ,응
 , ,집중
 , ,또
 , ,하나
 , ,졸리
 , ,표정
 , ,강아지
 , ,인양
 , ,아기
 , ,강아지
 , ,은수
 , ,광수
 , ,타임
 , ,빈
 , ,수레
 , ,표정
 , ,오지
 , ,지리
 , ,렛잇고
 , ,생후
 , ,숱
 , ,개월
 , ,아기
 , ,표정
 , ,그
 , ,육아
 , ,템
 , ,타이
 , ,러브
 , ,모빌
 , ,피셔
 , ,프라
 , ,이스
 , ,바운
 , ,뉴
 , ,바
 , ,아기
 , ,체육관
 , ,별
 , ,관심
 , ,이은수
 , ,등
 , ,붙이
 , ,질색
 , ,원래
 , ,팔뚝
 , ,진짜
 , ,말
 , ,것
 , ,겨드랑이
 , ,알
 , ,또
 , ,첨
 , ,기도
 , ,번인
 , ,요즘
 , ,좀
 , ,등
 , ,붙이
 , ,며칠
 , ,전
 , ,은수
 , ,친구
 , ,사진
 , ,은수
 , ,유독
 , ,크게
 , ,이모
 , ,기저귀
 , ,리가
 , ,특대
 , ,초등학생
 , ,팔뚝
 , ,아기
 , ,체육관
 , ,생후
 , ,개월
 , ,아기
 , ,광수
 , ,미용
 , ,곳
 , ,가위
 , ,컷
 , ,진짜
 , ,것
 , ,미용
 , ,주
 , ,목욕
 , ,안
 , ,비포
 , ,예쁘쟈
 , ,머리
 , ,뽕
 , ,통
 , ,수도
 , ,쥐
 , ,것
 , ,비율
 , ,뭐
 , ,이
 , ,가뜩이나
 , ,요즘
 , ,은수
 , ,신경
 , ,광수
 , ,미용
 , ,일욜날
 , ,보수
 , ,뭘
 , ,안오긔
 , ,둘
 , ,날
 , ,비포
 , ,에프
 , ,터
 , ,내일
 , ,은수
 , ,넷
 , ,사진
 , ,스케쥴
 , ,엄마
 , ,이광수
 , ,빅푸들사우르스
 , ,첫째
 , ,다시
 , ,유모차
 , ,끌
 , ,은수
 , ,이틀
 , ,먼저
 , ,채린
 , ,달
 , ,먼저
 , ,예훈
 , ,먼저
 , ,몸무게
 , ,은수
 , ,대장
 , ,은수
 , ,얘
 , ,왜케
 , ,쪼꼬미들
 , ,날씬이들
 , ,머리
 , ,왜케
 , ,백일
 , ,기전
 , ,옷
 , ,심장
 , ,알았긔
 , ,외출
 , ,저
 , ,아기
 , ,띠
 , ,유모차
 , ,은수
 , ,덕분
 , ,몸
 , ,쉰내
 , ,애기
 , ,유모차
 , ,끌
 , ,단둘
 , ,잠
 , ,오늘
 , ,베갯잇
 , ,침
 , ,해피
 , ,프린스
 , ,송도현
 , ,프리미엄
 , ,아울렛
 , ,베이비
 , ,엔젤스
 , ,송현
 , ,생후
 , ,커플룩
 , ,아기
 , ,커플룩
 , ,닭띠
 , ,친구
 , ,쥬
 , ,리뷰
 , ,계정
 , ,파
 , ,막
 , ,이벤트
 , ,참여
 , ,눈
 , ,계정
 , ,핸드폰
 , ,용량
 , ,사진
 , ,것
 , ,광수
 , ,내일
 , ,소식
 , ,오늘
 , ,은수
 , ,소식
 , ,사진
 , ,차
 , ,시도
 , ,사진
 , ,눈물
 , ,오열
 , ,잔치
 , ,애니메이션
 , ,통통이
 , ,아가
 , ,점퍼
 , ,루
 , ,시작
 , ,땐
 , ,나하시
 , ,땐
 , ,손주
 , ,혼자
 , ,사랑
 , ,독차지
 , ,동생
 , ,첫
 , ,대면
 , ,길
 , ,사랑
 , ,사실
 , ,가지
 , ,생각
 , ,표정
 , ,이은수
 , ,잠
 , ,이기
 , ,못
 , ,여기
 , ,최근
 , ,근황
 , ,며칠
 , ,제
 , ,응급실
 , ,번
 , ,병원
 , ,쥰내
 , ,이상
 , ,대용
 , ,소변
 , ,검사
 , ,번
 , ,피
 , ,검사
 , ,이상
 , ,대서
 , ,수면
 , ,내시경
 , ,수면
 , ,내시경
 , ,마취
 , ,때
 , ,신랑
 , ,제
 , ,옆
 , ,은수
 , ,알
 , ,토닥토닥
 , ,모성애
 , ,오지
 , ,지리
 , ,렛잇고
 , ,저
 , ,얘기
 , ,쥰내
 , ,병
 , ,알
 , ,새끼
 , ,온통
 , ,생각
 , ,긔
 , ,면역
 , ,계속
 , ,구역질
 , ,두드러기
 , ,지금
 , ,다행
 , ,저
 , ,요즘
 , ,물욕
 , ,것
 , ,것
 , ,쟁
 , ,중
 , ,차고
 , ,차고
 , ,번
 , ,보따리
 , ,육아
 , ,맘
 , ,쫌
 , ,선물
 , ,옴
 , ,우리
 , ,이벤트
 , ,한번
 , ,또
 , ,생후
 , ,모성애
 , ,엄마
 , ,하나님
 , ,내일
 , ,꼭
 , ,오늘
 , ,그녀
 , ,손
 , ,기도
 , ,잠
 , ,듭니
 , ,엄마
 , ,내일
 , ,꼭
 , ,이따
 , ,기도
 , ,굿나잇
 , ,퉁실
 , ,이의
 , ,기도
 , ,꽃송이
 , ,내딸
 , ,퉁실
 , ,심리
 , ,아스타
 , ,그램
 , ,생후
 , ,개월
 , ,아기
 , ,황사
 , ,미세먼지
 , ,환절기
 , ,쓰리콤
 , ,보
 , ,시즌
 , ,내
 , ,평생
 , ,벗
 , ,피부염
 , ,친구
 , ,위해
 , ,피부
 , ,진정
 , ,효과
 , ,버
 , ,츠비
 , ,레스큐
 , ,오인트먼트
 , ,내
 , ,인생
 , ,좀
 , ,이
 , ,만하
 , ,피부염
 , ,친구
 , ,버
 , ,츠비
 , ,피부
 , ,진정
 , ,내추럴
 , ,성분
 , ,멀티
 , ,밤
 , ,올리브영
 , ,추천
 , ,얼루
 , ,품평
 , ,단
 , ,르뷰
 , ,이제
 , ,옷
 , ,하네스
 , ,외출
 , ,아기
 , ,띠
 , ,은수
 , ,광수
 , ,산책
 , ,광수
 , ,엄마
 , ,쉰내
 , ,땀
 , ,땀
 , ,높이
 , ,기분
 , ,점프
 , ,스텀
 , ,패치
 , ,이름
 , ,번호
 , ,수
 , ,하네스
 , ,가슴
 , ,줄
 , ,걸
 , ,옷
 , ,안정감
 , ,베스트셀러
 , ,산책
 , ,패키지
 , ,할인
 , ,행사
 , ,중이
 , ,데니
 , ,필드
 , ,데니
 , ,필드
 , ,하네스
 , ,하네스
 , ,강아지
 , ,하네스
 , ,애견
 , ,하네스
 , ,하네스
 , ,추천
 , ,강아지
 , ,하네스
 , ,추천
 , ,스텀
 , ,하네스
 , ,강아지
 , ,가슴
 , ,줄
 , ,하네스
 , ,가슴
 , ,줄
 , ,강아지
 , ,용품
 , ,강아지
 , ,산책
 , ,제품
 , ,후기
 , ,사진
 , ,만
 , ,투척
 , ,아기
 , ,모델
 , ,도치
 , ,맘
 , ,내일
 , ,아기
 , ,띠
 , ,리드
 , ,줄
 , ,잡고
 , ,두
 , ,자식
 , ,나
 , ,은수
 , ,광수
 , ,화이팅
 , ,생후
 , ,딸
 , ,스타
 , ,그램
 , ,도치
 , ,맘
 , ,꽃송이
 , ,이꽃송
 , ,우리
 , ,집
 , ,스모
 , ,꿈
 , ,나무
 , ,기저귀
 , ,모델
 , ,세븐
 , ,스
 , ,레이
 , ,션
 , ,기저귀
 , ,가격
 , ,장
 , ,런가
 , ,때
 , ,간이
 , ,콩알
 , ,해지
 , ,슈
 , ,베스
 , ,리베로
 , ,펨
 , ,퍼스
 , ,개
 , ,중
 , ,요
 , ,셋
 , ,중
 , ,리베로
 , ,젤
 , ,데
 , ,소변
 , ,냄새
 , ,오지
 , ,지리
 , ,렛잇고
 , ,집
 , ,아주머니
 , ,애기
 , ,소리
 , ,런가
 , ,축하
 , ,부침개
 , ,장
 , ,임산부
 , ,용
 , ,파스
 , ,무슨
 , ,샴푸
 , ,선물
 , ,이번
 , ,은수
 , ,내복
 , ,선물
 , ,주심
 , ,흰색
 , ,이은수
 , ,층간소음
 , ,때문
 , ,짜증
 , ,넴
 , ,초
 , ,초딩
 , ,유딩
 , ,이모
 , ,볼
 , ,기저귀
 , ,모델
 , ,세븐
 , ,스
 , ,레이
 , ,션
 , ,친환경
 , ,기저귀
 , ,기저귀
 , ,추천
 , ,스모
 , ,꿈
 , ,나무
 , ,발진
 , ,기저귀
 , ,밤
 , ,기저귀
 , ,내딸
 , ,생후
 , ,엄마
 , ,지금
 , ,교
 , ,행
 , ,무슨
 , ,데예
 , ,제
 , ,해결
 , ,예
 , ,아빠
 , ,나
 , ,말리
 , ,마소
 , ,은수
 , ,작업
 , ,모의
 , ,깡패
 , ,투샷
 , ,아주
 , ,엄마
 , ,사랑
 , ,호랑이
 , ,새끼
 , ,이은수
 , ,자꾸
 , ,황해
 , ,김윤석
 , ,백두산
 , ,보컬
 , ,유현상
 , ,아저씨
 , ,스타일
 , ,겹
 , ,엄마
 , ,곰
 , ,프로젝트
 , ,엄마
 , ,곰
 , ,모집
 , ,덴마크
 , ,다이어트
 , ,다이어트
 , ,번
 , ,분
 , ,혼자
 , ,의지
 , ,박약
 , ,아기
 , ,강아지
 , ,강아지
 , ,아기
 , ,스타
 , ,그램
 , ,개
 , ,스타
 , ,그램
 , ,육아
 , ,일기
 , ,육아
 , ,소통
 , ,생후
 , ,개월
 , ,아기
 , ,아들
 , ,딸
 , ,스타
 , ,그램
 , ,하루
 , ,잠깐
 , ,사이
 , ,기분
 , ,오락가락
 , ,우리
 , ,집
 , ,스모
 , ,꿈
 , ,나무
 , ,처음
 , ,달
 , ,덩이
 , ,것
 , ,블로그
 , ,이웃
 , ,이모
 , ,선물
 , ,내복
 , ,블테기
 , ,어서
 , ,이모
 , ,광수
 , ,동생
 , ,은수
 , ,스모
 , ,선수
 , ,달
 , ,덩이
 , ,보름달
 , ,스모
 , ,꿈
 , ,나무
 , ,블테기
 , ,블로거
 , ,파워블로거
 , ,생후
 , ,지난주
 , ,수요일
 , ,베이비
 , ,마사지
 , ,외출
 , ,시작
 , ,저번
 , ,다리
 , ,마사지
 , ,이번
 , ,가슴
 , ,배
 , ,마사지
 , ,데
 , ,미리
 , ,야매
 , ,맘
 , ,개월
 , ,아가
 , ,개월
 , ,막내
 , ,오열
 , ,잼
 , ,이번
 , ,엄마
 , ,베
 , ,비루
 , ,미모
 , ,이스
 , ,처
 , ,오일
 , ,수분
 , ,오일
 , ,끈
 , ,오일
 , ,마사지
 , ,오일
 , ,베이비
 , ,오일
 , ,아기
 , ,오일
 , ,천연
 , ,오일
 , ,임산부
 , ,오일
 , ,바디
 , ,오일
 , ,페이스
 , ,오일
 , ,신생아
 , ,오일
 , ,베비
 , ,루미
 , ,이씨
 , ,남매
 , ,개인플레이
 , ,중
 , ,요즘
 , ,광수
 , ,은수
 , ,지정석
 , ,오늘
 , ,집
 , ,뚱띠
 , ,하루
 , ,나
 , ,아기
 , ,띠
 , ,슬링
 , ,팔로
 , ,새벽
 , ,번
 , ,잔치
 , ,덕분
 , ,산후
 , ,우울증
 , ,요즘
 , ,은수
 , ,울면
 , ,오열
 , ,왜
 , ,엄마
 , ,팔이
 , ,오열
 , ,오열
 , ,장통
 , ,니
 , ,은수
 , ,임신
 , ,기간
 , ,동안
 , ,엄마
 , ,인스턴트
 , ,초콜렛
 , ,너
 , ,예민
 , ,시간
 , ,혼자
 , ,소리
 , ,안나
 , ,집
 , ,것
 , ,안
 , ,침대
 , ,황해
 , ,김윤석
 , ,우리
 , ,집
 , ,뚱띠
 , ,장통
 , ,산후
 , ,우울증
 , ,오지
 , ,지리
 , ,렛잇고
 , ,생후
 , ,널
 , ,사랑
 , ,해
 , ,태교
 , ,잘못
 , ,누굴
 , ,또
 , ,생각
 , ,조리
 , ,제일
 , ,아기
 , ,목욕
 , ,슈
 , ,너글
 , ,욕조
 , ,개꿀템
 , ,추천
 , ,가격
 , ,좀
 , ,첨
 , ,육아
 , ,템
 , ,중
 , ,만족도
 , ,최상
 , ,하나
 , ,헹굼욕조
 , ,슈
 , ,너글
 , ,개
 , ,은수
 , ,무거워
 , ,머리
 , ,때
 , ,목욕
 , ,어려움
 , ,상애
 , ,때
 , ,돌
 , ,전
 , ,등
 , ,손
 , ,그
 , ,이후
 , ,본인
 , ,턱
 , ,긔
 , ,목욕
 , ,때
 , ,제일
 , ,저
 , ,눈빛
 , ,목욕
 , ,시간
 , ,아기
 , ,욕조
 , ,국민
 , ,아기
 , ,욕조
 , ,신생아
 , ,욕조
 , ,유아
 , ,욕조
 , ,신생아
 , ,목욕
 , ,육아
 , ,템
 , ,육아
 , ,꿀템
 , ,목욕
 , ,시간
 , ,새끼
 , ,축하
 , ,아기
 , ,라면
 , ,질색
 , ,색
 , ,내
 , ,너
 , ,사랑
 , ,줄
 , ,정말
 , ,너
 , ,아빠
 , ,너
 , ,엄마
 , ,제일
 , ,일
 , ,엄마
 , ,아빠
 , ,이
 , ,세상
 , ,우리
 , ,딸
 , ,행복
 , ,위해
 , ,항상
 , ,노력
 , ,기적
 , ,뭐
 , ,너
 , ,내
 , ,기적
 , ,엄마
 , ,그
 , ,순간
 , ,앞
 , ,쭉
 , ,넌
 , ,나
 , ,전부
 , ,사랑
 , ,꽃송이
 , ,이은수
 , ,백일
 , ,생후
 , ,기적
 , ,이은수
 , ,이광수
 , ,새끼
 , ,사랑
 , ,오빠
 , ,어서
 , ,이
 , ,오빠
 , ,왜
 , ,안
 , ,움직
 , ,구
 , ,은수
 , ,광수
 , ,널
 , ,끌기
 , ,너
 , ,육중
 , ,우리
 , ,집
 , ,통통이
 , ,복실
 , ,은수
 , ,최애
 , ,템
 , ,베베
 , ,범보
 , ,의자
 , ,울긔
 , ,허리
 , ,생후
 , ,아기
 , ,강아지
 , ,오빠
 , ,동생
 , ,머리
 , ,숱
 , ,부자
 , ,통통이
 , ,복실
 , ,머리
 , ,숱
 , ,부자
 , ,아스타
 , ,그램
 , ,육아
 , ,소통
 , ,냄새
 , ,좀
 , ,꽃
 , ,좀
 , ,흩챠
 , ,흩챠
 , ,두발
 , ,강아지
 , ,이광수
 , ,모두
 , ,시간
 , ,물구나무서기
 , ,루머
 , ,은수
 , ,일상
 , ,구월동
 , ,꽃집
 , ,사장
 , ,상
 , ,생화
 , ,예쁘쥬
 , ,인친
 , ,일상
 , ,문의
 , ,블로그
 , ,포스팅
 , ,인천
 , ,꽃집
 , ,구월동
 , ,플라워
 , ,레슨
 , ,인천
 , ,플라워
 , ,레슨
 , ,광수
 , ,은수
 , ,사진
 , ,계정
 , ,줌
 , ,사진
 , ,장
 , ,투척
 , ,아가
 , ,신경
 , ,도
 , ,해진
 , ,피부
 , ,하늘
 , ,경쟁률
 , ,에센스
 , ,품평
 , ,단
 , ,된거
 , ,껄껄
 , ,역시
 , ,이름
 , ,값
 , ,돈값
 , ,에센스
 , ,사용
 , ,한지
 , ,일주일
 , ,속
 , ,피부
 , ,촉촉촉
 , ,얼굴
 , ,온몸
 , ,온몸
 , ,바르게
 , ,로또
 , ,에센스
 , ,발효
 , ,에센스
 , ,워터
 , ,에센스
 , ,피부
 , ,상태
 , ,더블
 , ,유품
 , ,평단
 , ,르뷰
 , ,셀
 , ,스타
 , ,그램
 , ,광수
 , ,엄마
 , ,은수
 , ,엄마
 , ,퇴
 , ,일주일
 , ,이은수
 , ,백일
 , ,상
 , ,처음
 , ,가족사진
 , ,주인공
 , ,컨디션
 , ,난
 , ,조로
 , ,광수
 , ,엄마
 , ,일주일
 , ,백일
 , ,기적
 , ,기미
 , ,바
 , ,사실
 , ,것
 , ,엄마
 , ,곁
 , ,이
 , ,기적
 , ,것
 , ,너
 , ,광수
 , ,아빠
 , ,우리
 , ,모두
 , ,여기
 , ,고생
 , ,눈
 , ,그
 , ,날
 , ,지금
 , ,사랑
 , ,우리
 , ,백일
 , ,의기
 , ,가족사진
 , ,가족
 , ,스타
 , ,그램
 , ,럽
 , ,스타
 , ,그램
 , ,백일
 , ,사진
 , ,생후
 , ,샵
 , ,나
 , ,스포팅
 , ,게
 , ,영
 , ,것
 , ,광수
 , ,삼촌
 , ,넌
 , ,광수
 , ,기
 , ,싸가지
 , ,미용
 , ,실패
 , ,인천
 , ,애견
 , ,미용
 , ,연수동
 , ,곳
 , ,추천
 , ,우리
 , ,미용
 , ,삼촌
 , ,광수
 , ,아마
 , ,호갱
 , ,그것
 , ,바로
 , ,너와나
 , ,우리
 , ,집
 , ,예민
 , ,이은수
 , ,엊그제
 , ,아트
 , ,것
 , ,곧
 , ,육아
 , ,예상
 , ,이
 , ,정말
 , ,유독
 , ,도우미
 , ,이모
 , ,별명
 , ,예민
 , ,안해
 , ,기적
 , ,것
 , ,완전
 , ,남
 , ,얘기
 , ,우리
 , ,애기
 , ,보통
 , ,나
 , ,살이
 , ,육아
 , ,체질
 , ,산후
 , ,다이어트
 , ,후기
 , ,좀
 , ,긔
 , ,하루
 , ,예스
 , ,몇
 , ,개
 , ,박스
 , ,너
 , ,그
 , ,눈빛
 , ,꽃
 , ,왜
 , ,왜
 , ,가시
 , ,짝사랑
 , ,생후
 , ,엄마
 , ,나
 , ,헤어
 , ,밴드
 , ,단말
 , ,당장
 , ,빼
 , ,당장
 , ,빼
 , ,딸
 , ,래미
 , ,헤어스타일
 , ,백두산
 , ,유현상
 , ,아저씨
 , ,헤어
 , ,밴드
 , ,사서
 , ,표정
 , ,너
 , ,엄마
 , ,계속
 , ,살꼰대
 , ,포기
 , ,꼰
 , ,아기
 , ,헤어
 , ,밴드
 , ,부디
 , ,돈
 , ,헛
 , ,돈
 , ,돈
 , ,돈
 , ,돈
 , ,아빠
 , ,돈
 , ,돈
 , ,광수
 , ,첫
 , ,나눔
 , ,발표
 , ,둘째
 , ,발표
 , ,시간
 , ,당첨
 , ,신분
 , ,이번
 , ,주
 , ,성함
 , ,전화번호
 , ,주소
 , ,다음
 , ,이벤트
 , ,개린
 , ,옷
 , ,요
